CNN, Street Name, Color
22585000, OCEAN, GREEN
22585000, PLYMOUTH, RED
24686000, PINE, GREEN
24686000, SANSOME, RED
25139000, ELLIS, GREEN
25139000, LEAVENWORTH, RED
24945000, JONES, GREEN
24945000, O'FARRELL, RED
25956000, FULTON, GREEN
25956000, WEBSTER, RED
24695000, BATTERY, GREEN
24695000, WASHINGTON, RED
25813000, 18TH ST, GREEN
25813000, CASTRO, RED
4607000, DAVIS, GREEN
4607000, MIDBLOCK AT, RED
4607000, CLAY, RED
4607000, SACRAMENTO, RED
24491000, BRYANT, GREEN
24491000, STERLING, RED
24377000, 15TH ST, GREEN
24377000, VALENCIA, RED
24513000, 03RD ST, GREEN
24513000, HARRISON, RED
23149000, 19TH AVE, GREEN
23149000, SLOAT, RED
26416000, CLAYTON, GREEN
26416000, OAK, RED
26383000, GOLDEN GATE, GREEN
26383000, MASONIC, RED
25871000, 14TH ST, GREEN
25871000, DOLORES, RED
24094000, 23RD ST, GREEN
24094000, MISSION, RED
26754000, BAY, GREEN
26754000, LAGUNA, RED
23141000, JUNIPERO SERRA, GREEN
23141000, PORTOLA, RED
23141000, SLOAT, RED
23141000, WEST PORTAL, RED
24631000, 04TH ST, GREEN
24631000, MINNA, RED
27288000, 08TH AVE, GREEN
27288000, GEARY, RED
21699000, BOSWORTH, GREEN
21699000, MISSION, RED
21699000, MURRAY, RED
26027000, OAK, GREEN
26027000, SCOTT, RED
20467000, 03RD ST, GREEN
20467000, LE CONTE, RED
26723000, BAY, GREEN
26723000, FRANKLIN, RED
26627000, BUSH, GREEN
26627000, SCOTT, RED
23611000, CESAR CHAVEZ, GREEN
23611000, PENNSYLVANIA, RED
24315000, 07TH ST, GREEN
24315000, MISSION, RED
24149000, 18TH ST, GREEN
24149000, MISSION, RED
26446000, HAYES, GREEN
26446000, STANYAN, RED
30738000, 03RD ST, GREEN
30738000, GEARY, RED
30738000, KEARNY, RED
30738000, MARKET, RED
24494000, 01ST ST, GREEN
24494000, HARRISON, RED
24494000, US I-80 ON RAMP, RED
9751000, OAK, GREEN
9751000, MIDBLOCK AT, RED
9751000, FRANKLIN, RED
9751000, GOUGH, RED
25223000, BUSH, GREEN
25223000, VAN NESS, RED
25952000, HAYES, GREEN
25952000, WEBSTER, RED
24662000, GRANT, GREEN
24662000, SUTTER, RED
24908000, POST, GREEN
24908000, STOCKTON, RED
5331101, EVANS, GREEN
5331101, POST OFFICE, RED
23566000, 19TH ST, GREEN
23566000, ILLINOIS, RED
27578000, ARGUELLO, GREEN
27578000, LAKE, RED
27578000, SACRAMENTO, RED
21346000, 26TH ST, GREEN
21346000, VALENCIA, RED
22424000, FOWLER, GREEN
22424000, PORTOLA, RED
22424000, SYDNEY, RED
21486000, GENEVA, GREEN
21486000, MISSION, RED
25906000, GOUGH, GREEN
25906000, OAK, RED
26699000, FRANKLIN, GREEN
26699000, LOMBARD, RED
26928000, GEARY, GREEN
26928000, SPRUCE, RED
26494000, GEARY, GREEN
26494000, GOUGH, RED
26494000, PETER YORKE, RED
26494000, STARR KING, RED
26507000, GOUGH, GREEN
26507000, PINE, RED
30731000, 01ST ST, GREEN
30731000, BATTERY, RED
30731000, BUSH, RED
30731000, MARKET, RED
25111000, BROADWAY, GREEN
25111000, POWELL, RED
25478000, NORTH POINT, GREEN
25478000, STOCKTON, RED
24022000, 16TH ST, GREEN
24022000, POTRERO, RED
27505000, 20TH AVE, GREEN
27505000, GEARY, RED
25916000, FELL, GREEN
25916000, GOUGH, RED
34190000, 16TH ST, GREEN
34190000, TERRY FRANCOIS, RED
21737000, ITALY, GREEN
21737000, MISSION, RED
23204000, 19TH AVE, GREEN
23204000, QUINTARA, RED
27446000, CABRILLO, GREEN
27446000, PARK PRESIDIO, RED
25004000, MASON, GREEN
25004000, PINE, RED
6436206, GREAT HWY, GREEN
6436206, NORIEGA, RED
25179000, O'FARRELL, GREEN
25179000, POLK, RED
23875000, 07TH ST, GREEN
23875000, BRYANT, RED
23875000, US I-80 OFF RAMP, RED
27475000, ANZA, GREEN
27475000, PARK PRESIDIO, RED
12553201, EMBARCADERO, GREEN
12553201, MIDBLOCK AT, RED
12553201, FERRY BUILDING NB, RED
24557000, MAIN, GREEN
24557000, MISSION, RED
10549000, GOODLETT, GREEN
10549000, MIDBLOCK AT, RED
10549000, GROVE, RED
10549000, MCALLISTER, RED
26044000, EDDY, GREEN
26044000, FILLMORE, RED
33647000, BACON, GREEN
33647000, SAN BRUNO, RED
24439000, LARKIN, GREEN
24439000, MCALLISTER, RED
26698000, FILBERT, GREEN
26698000, FRANKLIN, RED
25946000, LAGUNA, GREEN
25946000, MCALLISTER, RED
24498000, FOLSOM, GREEN
24498000, FREMONT, RED
25191000, EDDY, GREEN
25191000, FRANKLIN, RED
24372000, 14TH ST, GREEN
24372000, MISSION, RED
24712000, JACKSON, GREEN
24712000, SANSOME, RED
24192000, 10TH ST, GREEN
24192000, BRYANT, RED
24192000, US 101 S ON RAMP, RED
24903000, GEARY, GREEN
24903000, POWELL, RED
26175000, DANVERS, GREEN
26175000, MARKET, RED
27862000, 37TH AVE, GREEN
27862000, FULTON, RED
24756000, CLAY, GREEN
24756000, MONTGOMERY, RED
24122000, 20TH ST, GREEN
24122000, FOLSOM, RED
26058000, BRODERICK, GREEN
26058000, FELL, RED
23589000, 02ND ST, GREEN
23589000, KING, RED
20296000, BAYSHORE, GREEN
20296000, TUNNEL, RED
24798000, BROADWAY, GREEN
24798000, DAVIS, RED
7833201, KING, GREEN
7833201, MIDBLOCK AT, RED
7833201, 03RD ST, RED
7833201, 04TH ST, RED
26535000, CLAY, GREEN
26535000, VAN NESS, RED
25219000, SUTTER, GREEN
25219000, VAN NESS, RED
23384000, SUNSET, GREEN
23384000, TARAVAL, RED
54065000, GENEVA, GREEN
54065000, STONERIDGE, RED
25474000, EMBARCADERO, GREEN
25474000, KEARNY, RED
25474000, NORTH POINT, RED
24062000, 25TH ST, GREEN
24062000, SOUTH VAN NESS, RED
22943000, 14TH AVE, GREEN
22943000, PORTOLA, RED
22943000, SAN ANSELMO, RED
22943000, SANTA ANA, RED
25536000, BAY, GREEN
25536000, LEAVENWORTH, RED
25627000, 21ST ST, GREEN
25627000, GUERRERO, RED
26326000, CENTRAL, GREEN
26326000, OAK, RED
28106000, CROSS OVER, GREEN
28106000, PARK PRESIDIO BYPASS, RED
27968000, 47TH AVE, GREEN
27968000, FULTON, RED
30069000, LAGUNA, GREEN
30069000, OAK, RED
27729000, KIRKHAM, GREEN
27729000, SUNSET, RED
26844000, MASONIC, GREEN
26844000, PINE, RED
26844000, PRESIDIO, RED
25263000, LEAVENWORTH, GREEN
25263000, WASHINGTON, RED
27364000, 19TH AVE, GREEN
27364000, KIRKHAM, RED
26034000, BRODERICK, GREEN
26034000, HAIGHT, RED
27284000, 06TH AVE, GREEN
27284000, GEARY, RED
23564000, 03RD ST, GREEN
23564000, 20TH ST, RED
26748000, LOMBARD, GREEN
26748000, WEBSTER, RED
7038000, HOWARD, GREEN
7038000, MIDBLOCK AT, RED
7038000, 03RD ST, RED
7038000, 04TH ST, RED
24610000, MISSION, GREEN
24610000, NEW MONTGOMERY, RED
22341000, BURNETT, GREEN
22341000, CLIPPER, RED
22341000, PORTOLA, RED
20460000, 03RD ST, GREEN
20460000, JAMESTOWN, RED
26056000, DIVISADERO, GREEN
26056000, GROVE, RED
25026000, STOCKTON, GREEN
25026000, WASHINGTON, RED
33570000, ARGENT, GREEN
33570000, MARKET, RED
26827000, BAKER, GREEN
26827000, CALIFORNIA, RED
24673000, FRONT, GREEN
24673000, PINE, RED
24241000, 13TH ST, GREEN
24241000, SOUTH VAN NESS, RED
24241000, US 101 ON RAMP, RED
26532000, BUCHANAN, GREEN
26532000, PINE, RED
27302000, 11TH AVE, GREEN
27302000, GEARY, RED
24510000, 02ND ST, GREEN
24510000, HARRISON, RED
24514000, FOLSOM, GREEN
24514000, HAWTHORNE, RED
25953000, FILLMORE, GREEN
25953000, HAYES, RED
24168000, 16TH ST, GREEN
24168000, CAPP, RED
20457000, 03RD ST, GREEN
20457000, EGBERT, RED
28173000, FELTON, GREEN
28173000, SAN BRUNO, RED
26420000, CLAYTON, GREEN
26420000, FELL, RED
27377000, 20TH AVE, GREEN
27377000, LINCOLN, RED
27569000, CALIFORNIA, GREEN
27569000, CHERRY, RED
27569000, JORDAN, RED
26490000, EDDY, GREEN
26490000, GOUGH, RED
22222000, BRIGHTON, GREEN
22222000, OCEAN, RED
26538000, CLAY, GREEN
26538000, FRANKLIN, RED
23798000, 04TH ST, GREEN
23798000, KING, RED
26811000, BAKER, GREEN
26811000, GEARY, RED
26811000, SAINT JOSEPHS, RED
24431000, GOLDEN GATE, GREEN
24431000, HYDE, RED
25148000, EDDY, GREEN
25148000, LARKIN, RED
23941000, 06TH ST, GREEN
23941000, FOLSOM, RED
21173000, CESAR CHAVEZ, GREEN
21173000, HARRISON, RED
25942000, GOLDEN GATE, GREEN
25942000, GOUGH, RED
20502000, 03RD ST, GREEN
20502000, THOMAS, RED
20502000, THORNTON, RED
22460000, ALEMANY, GREEN
22460000, REGENT, RED
22460000, SAN JOSE, RED
22460000, US I-280 ON RAMP, RED
23567000, 03RD ST, GREEN
23567000, 19TH ST, RED
24302000, 08TH ST, GREEN
24302000, NATOMA, RED
24335000, 15TH ST, GREEN
24335000, FOLSOM, RED
24434000, GROVE, GREEN
24434000, LARKIN, RED
26641000, CALIFORNIA, GREEN
26641000, SCOTT, RED
24563000, 01ST ST, GREEN
24563000, MISSION, RED
27444000, FULTON, GREEN
27444000, PARK PRESIDIO, RED
25465000, COLUMBUS, GREEN
25465000, LOMBARD, RED
25465000, NEWELL, RED
23963000, 23RD ST, GREEN
23963000, POTRERO, RED
24595000, HAWTHORNE, GREEN
24595000, HOWARD, RED
20427000, ESQUINA, GREEN
20427000, GENEVA, RED
27258000, 08TH AVE, GREEN
27258000, FULTON, RED
26348000, ASHBURY, GREEN
26348000, FELL, RED
26552000, VALLEJO, GREEN
26552000, VAN NESS, RED
30710000, COLUMBUS, GREEN
30710000, FILBERT, RED
21426000, GENEVA, GREEN
21426000, NAPLES, RED
24294000, 06TH ST, GREEN
24294000, JESSIE, RED
20657000, 03RD ST, GREEN
20657000, PERRY, RED
25623000, 22ND ST, GREEN
25623000, GUERRERO, RED
25677000, 18TH ST, GREEN
25677000, GUERRERO, RED
27562000, ARGUELLO, GREEN
27562000, EUCLID, RED
21522000, ALEMANY, GREEN
21522000, HURON, RED
21522000, OTTAWA, RED
32856000, JOHN F KENNEDY, GREEN
32856000, STANYAN, RED
27501000, 18TH AVE, GREEN
27501000, GEARY, RED
26802000, DIVISADERO, GREEN
26802000, O'FARRELL, RED
21835000, APPLETON, GREEN
21835000, MISSION, RED
26758000, BEACH, GREEN
26758000, BUCHANAN, RED
26758000, MARINA, RED
27527000, 28TH AVE, GREEN
27527000, FULTON, RED
34161000, 03RD ST, GREEN
34161000, MISSION BAY SOUTH, RED
26751000, FILLMORE, GREEN
26751000, LOMBARD, RED
27287000, 07TH AVE, GREEN
27287000, CLEMENT, RED
24949000, BUSH, GREEN
24949000, MASON, RED
24248000, 10TH ST, GREEN
24248000, HOWARD, RED
26546000, GOUGH, GREEN
26546000, JACKSON, RED
25744000, 24TH ST, GREEN
25744000, CASTRO, RED
30746000, 10TH ST, GREEN
30746000, FELL, RED
30746000, MARKET, RED
30746000, POLK, RED
20491000, 03RD ST, GREEN
20491000, LANE, RED
20491000, YOSEMITE, RED
26908000, COLLINS, GREEN
26908000, GEARY, RED
24560000, FREMONT, GREEN
24560000, MISSION, RED
21337000, FAIR, GREEN
21337000, MISSION, RED
21337000, VALENCIA, RED
24390000, GOUGH, GREEN
24390000, MCCOPPIN, RED
24390000, OTIS, RED
30729000, BEALE, GREEN
30729000, DAVIS, RED
30729000, MARKET, RED
30729000, PINE, RED
24018000, 16TH ST, GREEN
24018000, UTAH, RED
24228000, 13TH ST, GREEN
24228000, HARRISON, RED
25255000, HYDE, GREEN
25255000, SACRAMENTO, RED
27365000, 18TH AVE, GREEN
27365000, JUDAH, RED
24291000, 07TH ST, GREEN
24291000, MINNA, RED
24463000, GOLDEN GATE, GREEN
24463000, POLK, RED
23607000, FOLSOM, GREEN
23607000, SPEAR, RED
20465000, 03RD ST, GREEN
20465000, US 101 OFF RAMP, RED
26607000, FILLMORE, GREEN
26607000, SUTTER, RED
24358000, 12TH ST, GREEN
24358000, MISSION, RED
24358000, OTIS, RED
24358000, SOUTH VAN NESS, RED
25442000, COLUMBUS, GREEN
25442000, GREENWICH, RED
25442000, MASON, RED
24895000, CYRIL MAGNIN, GREEN
24895000, ELLIS, RED
27286000, 06TH AVE, GREEN
27286000, CLEMENT, RED
19999000, OWENS, GREEN
19999000, MIDBLOCK AT, RED
19999000, UCSF GARAGE, RED
23807000, 03RD ST, GREEN
23807000, TOWNSEND, RED
27285000, 07TH AVE, GREEN
27285000, GEARY, RED
24201000, 08TH ST, GREEN
24201000, FWY EXIT, RED
24201000, HARRISON, RED
23161000, 19TH AVE, GREEN
23161000, ULLOA, RED
25204000, BUSH, GREEN
25204000, LARKIN, RED
24440000, GOLDEN GATE, GREEN
24440000, LARKIN, RED
24462000, MCALLISTER, GREEN
24462000, POLK, RED
33209000, BAYSHORE, GREEN
33209000, HESTER, RED
23907000, 04TH ST, GREEN
23907000, CLARA, RED
21552000, ACTON, GREEN
21552000, MISSION, RED
21552000, SICKLES, RED
25156000, HYDE, GREEN
25156000, POST, RED
23383000, SUNSET, GREEN
23383000, ULLOA, RED
20234000, 03RD ST, GREEN
20234000, BURKE, RED
25089000, PINE, GREEN
25089000, TAYLOR, RED
24436000, HAYES, GREEN
24436000, POLK, RED
50158000, EMBARCADERO, GREEN
50158000, GREEN, RED
25486000, JEFFERSON, GREEN
25486000, MASON, RED
20504000, 03RD ST, GREEN
20504000, LANE, RED
20504000, VAN DYKE, RED
20504000, WILLIAMS, RED
24586000, FOLSOM, GREEN
24586000, MABINI, RED
27839000, 29TH AVE, GREEN
27839000, GEARY, RED
26053000, DIVISADERO, GREEN
26053000, HAYES, RED
23889000, 05TH ST, GREEN
23889000, BRYANT, RED
23889000, US I-80 ON RAMP, RED
24115000, 22ND ST, GREEN
24115000, VALENCIA, RED
24054000, 17TH ST, GREEN
24054000, HARRISON, RED
24467000, FRANKLIN, GREEN
24467000, MCALLISTER, RED
26036000, BRODERICK, GREEN
26036000, OAK, RED
23937000, 05TH ST, GREEN
23937000, FOLSOM, RED
26551000, GREEN, GREEN
26551000, VAN NESS, RED
25671000, 20TH ST, GREEN
25671000, GUERRERO, RED
24979000, PINE, GREEN
24979000, STOCKTON, RED
24378000, 14TH ST, GREEN
24378000, VALENCIA, RED
24898000, MARKET, GREEN
24898000, MASON, RED
24898000, TURK, RED
25591000, BEACH, GREEN
25591000, TAYLOR, RED
26643000, DIVISADERO, GREEN
26643000, PINE, RED
21827000, MISSION, GREEN
21827000, RICHLAND, RED
24678000, MONTGOMERY, GREEN
24678000, SUTTER, RED
33636000, ALEMANY, GREEN
33636000, CONGDON, RED
33636000, JUSTIN, RED
25332000, COLUMBUS, GREEN
25332000, TRACY, RED
25332000, VALLEJO, RED
25163000, HYDE, GREEN
25163000, SUTTER, RED
23650000, 18TH ST, GREEN
23650000, MINNESOTA, RED
33625000, LYON, GREEN
33625000, MARINA, RED
33625000, OLD MASON, RED
26695000, CHESTNUT, GREEN
26695000, VAN NESS, RED
24019000, MARIPOSA, GREEN
24019000, POTRERO, RED
26353000, BAKER, GREEN
26353000, FULTON, RED
33411000, JUNIPERO SERRA, GREEN
33411000, MERCEDES, RED
33411000, WINSTON, RED
26715000, GOUGH, GREEN
26715000, LOMBARD, RED
26634000, PIERCE, GREEN
26634000, PINE, RED
24571000, DRUMM, GREEN
24571000, WASHINGTON, RED
26943000, CALIFORNIA, GREEN
26943000, SPRUCE, RED
24570000, BROADWAY, GREEN
24570000, EMBARCADERO, RED
25914000, FELL, GREEN
25914000, OCTAVIA, RED
25603000, 24TH ST, GREEN
25603000, GUERRERO, RED
26502000, GOUGH, GREEN
26502000, SUTTER, RED
27890000, 36TH AVE, GREEN
27890000, GEARY, RED
23313000, OCEAN, GREEN
23313000, SUNSET, RED
23633000, CESAR CHAVEZ, GREEN
23633000, CONNECTICUT, RED
26528000, OCTAVIA, GREEN
26528000, PINE, RED
27697000, NORIEGA, GREEN
27697000, SUNSET, RED
23781000, 16TH ST, GREEN
23781000, SAN BRUNO, RED
25138000, EDDY, GREEN
25138000, HYDE, RED
33738000, LAKE MERCED, GREEN
33738000, LAKE MERCED HILL, RED
22554000, BROTHERHOOD, GREEN
22554000, CHUMASERO, RED
22554000, THOMAS MORE, RED
24134000, 17TH ST, GREEN
24134000, FOLSOM, RED
24496000, BEALE, GREEN
24496000, FOLSOM, RED
27707000, LAWTON, GREEN
27707000, SUNSET, RED
27462000, 18TH AVE, GREEN
27462000, FULTON, RED
25088000, CALIFORNIA, GREEN
25088000, TAYLOR, RED
24934000, LEAVENWORTH, GREEN
24934000, TURK, RED
26553000, FRANKLIN, GREEN
26553000, VALLEJO, RED
24506000, BEALE, GREEN
24506000, HOWARD, RED
26042000, FULTON, GREEN
26042000, STEINER, RED
12553111, EMBARCADERO, GREEN
12553111, MIDBLOCK AT, RED
12553111, FERRY BUILDING, RED
12553111, WASHINGTON, RED
27232000, ARGUELLO, GREEN
27232000, CLEMENT, RED
25225000, CALIFORNIA, GREEN
25225000, VAN NESS, RED
21755000, ALEMANY, GREEN
21755000, OCEAN, RED
20313000, BAYSHORE, GREEN
20313000, LELAND, RED
25712000, 18TH ST, GREEN
25712000, CHURCH, RED
25968000, FILLMORE, GREEN
25968000, MCALLISTER, RED
26592000, FILLMORE, GREEN
26592000, POST, RED
26409000, CLAYTON, GREEN
26409000, HAIGHT, RED
25184000, TURK, GREEN
25184000, VAN NESS, RED
21768000, EXCELSIOR, GREEN
21768000, MISSION, RED
24685000, CALIFORNIA, GREEN
24685000, SANSOME, RED
26587000, GEARY, GREEN
26587000, WEBSTER, RED
26909000, BLAKE, GREEN
26909000, GEARY, RED
33708000, BROTHERHOOD, GREEN
33708000, CHURCH PARKING LOT (655), RED
27229000, GEARY, GREEN
27229000, PALM, RED
24331000, FULTON, GREEN
24331000, HYDE, RED
26999000, FRANCISCO, GREEN
26999000, RICHARDSON, RED
30039000, BROADWAY, GREEN
30039000, SANSOME, RED
25049000, JACKSON, GREEN
25049000, POWELL, RED
23872000, 08TH ST, GREEN
23872000, BRANNAN, RED
23075000, 19TH AVE, GREEN
23075000, ROSSMOOR, RED
23075000, STONESTOWN, RED
24758000, COLUMBUS, GREEN
24758000, MONTGOMERY, RED
24758000, WASHINGTON, RED
24960000, GEARY, GREEN
24960000, JONES, RED
12562101, EMBARCADERO, GREEN
12562101, MIDBLOCK AT, RED
12562101, PIER 39, RED
24933000, HYDE, GREEN
24933000, TURK, RED
24720000, KEARNY, GREEN
24720000, SUTTER, RED
26045000, GOLDEN GATE, GREEN
26045000, STEINER, RED
22128000, SAN JOSE, GREEN
22128000, SANTA ROSA, RED
30735000, MARKET, GREEN
30735000, MONTGOMERY, RED
30735000, NEW MONTGOMERY, RED
30735000, POST, RED
33540000, BROTHERHOOD, GREEN
33540000, LAKE MERCED, RED
26598000, BUSH, GREEN
26598000, WEBSTER, RED
21743000, MISSION, GREEN
21743000, OCEAN, RED
24766000, COLUMBUS, GREEN
24766000, JACKSON, RED
24919000, MASON, GREEN
24919000, POST, RED
25196000, FRANKLIN, GREEN
25196000, O'FARRELL, RED
25196000, STARR KING, RED
26199000, CARMEL, GREEN
26199000, CLAYTON, RED
26199000, TWIN PEAKS, RED
24904000, O'FARRELL, GREEN
24904000, POWELL, RED
25726000, 16TH ST, GREEN
25726000, CHURCH, RED
25614000, 24TH ST, GREEN
25614000, DOLORES, RED
26050000, DIVISADERO, GREEN
26050000, FELL, RED
22053000, ALEMANY, GREEN
22053000, SENECA, RED
22095000, DELANO, GREEN
22095000, GENEVA, RED
24734000, MONTGOMERY, GREEN
24734000, SACRAMENTO, RED
25829000, DOUGLASS, GREEN
25829000, MARKET, RED
23775000, 16TH ST, GREEN
23775000, KANSAS, RED
27301000, 10TH AVE, GREEN
27301000, GEARY, RED
26486000, STANYAN, GREEN
26486000, TURK, RED
25869000, BUCHANAN, GREEN
25869000, HAIGHT, RED
26600000, SUTTER, GREEN
26600000, WEBSTER, RED
24968000, BUSH, GREEN
24968000, JONES, RED
26544000, FRANKLIN, GREEN
26544000, JACKSON, RED
24543000, 02ND ST, GREEN
24543000, NATOMA, RED
27628000, LAKE, GREEN
27628000, PARK PRESIDIO, RED
33375000, DIAMOND, GREEN
33375000, MONTEREY, RED
6436205, GREAT HWY, GREEN
6436205, PACHECO, RED
27737000, IRVING, GREEN
27737000, SUNSET, RED
26930000, GEARY, GREEN
26930000, PARKER, RED
26302000, PARNASSUS, GREEN
26302000, STANYAN, RED
24313000, 09TH ST, GREEN
24313000, MISSION, RED
27611000, 12TH AVE, GREEN
27611000, CALIFORNIA, RED
27978000, FULTON, GREEN
27978000, LA PLAYA, RED
24305000, 09TH ST, GREEN
24305000, HOWARD, RED
23541000, 03RD ST, GREEN
23541000, 25TH ST, RED
26687000, FRANKLIN, GREEN
26687000, UNION, RED
23773000, 16TH ST, GREEN
23773000, RHODE ISLAND, RED
27249000, 05TH AVE, GREEN
27249000, GEARY, RED
21841000, 30TH ST, GREEN
21841000, DOLORES, RED
26846000, CALIFORNIA, GREEN
26846000, PRESIDIO, RED
26033000, BAKER, GREEN
26033000, BUENA VISTA, RED
26033000, HAIGHT, RED
23978000, 24TH ST, GREEN
23978000, HARRISON, RED
26200000, 17TH ST, GREEN
26200000, CLAYTON, RED
26379000, FULTON, GREEN
26379000, MASONIC, RED
25563000, POLK, GREEN
25563000, UNION, RED
25167000, LARKIN, GREEN
25167000, POST, RED
24893000, CYRIL MAGNIN, GREEN
24893000, EDDY, RED
23799000, 03RD ST, GREEN
23799000, KING, RED
26696000, LOMBARD, GREEN
26696000, VAN NESS, RED
22448000, IDORA, GREEN
22448000, WOODSIDE, RED
20250000, 03RD ST, GREEN
20250000, MARIN, RED
20507000, 03RD ST, GREEN
20507000, UNDERWOOD, RED
24075000, 23RD ST, GREEN
24075000, SOUTH VAN NESS, RED
20230000, 03RD ST, GREEN
20230000, JERROLD, RED
20230000, NEWHALL, RED
26938000, CALIFORNIA, GREEN
26938000, LOCUST, RED
25220000, FRANKLIN, GREEN
25220000, SUTTER, RED
25170000, GEARY, GREEN
25170000, LARKIN, RED
25966000, GOLDEN GATE, GREEN
25966000, WEBSTER, RED
30748000, MARKET, GREEN
30748000, SOUTH VAN NESS, RED
30748000, VAN NESS, RED
25216000, FRANKLIN, GREEN
25216000, POST, RED
27104000, 07TH AVE, GREEN
27104000, LAWTON, RED
27104000, WARREN, RED
24174000, 17TH ST, GREEN
24174000, VALENCIA, RED
24942000, O'FARRELL, GREEN
24942000, TAYLOR, RED
26026000, DIVISADERO, GREEN
26026000, HAIGHT, RED
24070000, 24TH ST, GREEN
24070000, CAPP, RED
24534000, 01ST ST, GREEN
24534000, NATOMA (TRANSBAY DRIVEWAY), RED
22662000, DORADO, GREEN
22662000, JULES, RED
22662000, OCEAN, RED
20498000, 03RD ST, GREEN
20498000, BAYVIEW, RED
20498000, REVERE, RED
26845000, EUCLID, GREEN
26845000, MASONIC, RED
26436000, OAK, GREEN
26436000, SHRADER, RED
20223000, 03RD ST, GREEN
20223000, KIRKWOOD, RED
20223000, NEWHALL, RED
2800102, BAYSHORE, GREEN
2800102, MIDBLOCK AT, RED
2800102, CORTLAND, RED
2800102, FLOWER, RED
22223000, LEE, GREEN
22223000, OCEAN, RED
21589000, ALEMANY, GREEN
21589000, SICKLES, RED
25949000, FILLMORE, GREEN
25949000, OAK, RED
25294000, CALIFORNIA, GREEN
25294000, LARKIN, RED
26642000, PINE, GREEN
26642000, SCOTT, RED
21290000, CESAR CHAVEZ, GREEN
21290000, SHOTWELL, RED
26376000, HAYES, GREEN
26376000, MASONIC, RED
24922000, 06TH ST, GREEN
24922000, GOLDEN GATE, RED
24922000, MARKET, RED
24922000, TAYLOR, RED
25230000, LEAVENWORTH, GREEN
25230000, PINE, RED
23032000, 19TH AVE, GREEN
23032000, HOLLOWAY, RED
24336000, 14TH ST, GREEN
24336000, FOLSOM, RED
23803000, 02ND ST, GREEN
23803000, BRANNAN, RED
30730000, FREMONT, GREEN
30730000, FRONT, RED
30730000, MARKET, RED
25963000, GOUGH, GREEN
25963000, TURK, RED
22192000, GENEVA, GREEN
22192000, OCEAN, RED
22192000, PHELAN, RED
24265000, 07TH ST, GREEN
24265000, HOWARD, RED
23569000, 18TH ST, GREEN
23569000, ILLINOIS, RED
22433000, EVELYN, GREEN
22433000, PORTOLA, RED
24186000, 15TH ST, GREEN
24186000, POTRERO, RED
25057000, BROADWAY, GREEN
25057000, STOCKTON, RED
26816000, BRODERICK, GREEN
26816000, BUSH, RED
23827000, 04TH ST, GREEN
23827000, BRANNAN, RED
21353000, DUNCAN, GREEN
21353000, GUERRERO, RED
30745000, 09TH ST, GREEN
30745000, HAYES, RED
30745000, LARKIN, RED
30745000, MARKET, RED
25384000, BAY, GREEN
25384000, KEARNY, RED
7834201, KING, GREEN
7834201, MIDBLOCK AT, RED
7834201, 04TH ST, RED
7834201, 05TH ST, RED
26004000, 14TH ST, GREEN
26004000, CASTRO, RED
27840000, 30TH AVE, GREEN
27840000, GEARY, RED
23411000, RIVERA, GREEN
23411000, SUNSET, RED
10669201, POTRERO, GREEN
10669201, MIDBLOCK AT, RED
10669201, 22ND ST, RED
10669201, 23RD ST, RED
34166000, TERRY FRANCOIS, GREEN
34166000, WARRIORS, RED
21296000, 26TH ST, GREEN
21296000, SOUTH VAN NESS, RED
34167000, 04TH ST, GREEN
34167000, CHANNEL, RED
30758000, BUCHANAN, GREEN
30758000, DUBOCE, RED
30758000, MARKET, RED
26915000, CALIFORNIA, GREEN
26915000, WALNUT, RED
23946000, 06TH ST, GREEN
23946000, HOWARD, RED
25301000, POLK, GREEN
25301000, SACRAMENTO, RED
30719000, BATTERY, GREEN
30719000, FILBERT, RED
30719000, LEVI PLAZA, RED
24894000, ELLIS, GREEN
24894000, POWELL, RED
24952000, POST, GREEN
24952000, TAYLOR, RED
21487000, ALEMANY, GREEN
21487000, NIAGARA, RED
27230000, ARGUELLO, GREEN
27230000, GEARY, RED
27366000, 19TH AVE, GREEN
27366000, JUDAH, RED
23126000, LAKE MERCED, GREEN
23126000, MIDDLEFIELD, RED
23407000, SANTIAGO, GREEN
23407000, SUNSET, RED
24555000, MISSION, GREEN
24555000, SPEAR, RED
26588000, O'FARRELL, GREEN
26588000, WEBSTER, RED
52197000, PHELAN, GREEN
52197000, MIDBLOCK AT, RED
52197000, LEE EXTENSION, RED
23919000, 06TH ST, GREEN
23919000, HARRISON, RED
24341000, 15TH ST, GREEN
24341000, SOUTH VAN NESS, RED
26692000, GREENWICH, GREEN
26692000, VAN NESS, RED
24791000, COLUMBUS, GREEN
24791000, KEARNY, RED
24791000, PACIFIC, RED
20489000, 03RD ST, GREEN
20489000, CARROLL, RED
25835000, 14TH ST, GREEN
25835000, GUERRERO, RED
23655000, MARIPOSA, GREEN
23655000, PENNSYLVANIA, RED
23788000, 16TH ST, GREEN
23788000, CONNECTICUT, RED
6436201, GREAT HWY, GREEN
6436201, VICENTE, RED
20656000, BAYSHORE, GREEN
20656000, SILVER, RED
23914000, BOARDMAN, GREEN
23914000, BRYANT, RED
27519000, 25TH AVE, GREEN
27519000, CROSS OVER, RED
27519000, FULTON, RED
25210000, BUSH, GREEN
25210000, POLK, RED
26527000, LAGUNA, GREEN
26527000, PINE, RED
24800000, BROADWAY, GREEN
24800000, FRONT, RED
26796000, CERVANTES, GREEN
26796000, MARINA, RED
26796000, SCOTT, RED
25918000, GOUGH, GREEN
25918000, HAYES, RED
26633000, CALIFORNIA, GREEN
26633000, STEINER, RED
22840000, LAGUNA HONDA, GREEN
22840000, PORTOLA, RED
26737000, BUCHANAN, GREEN
26737000, LOMBARD, RED
33105000, CARGO, GREEN
33105000, MENDELL, RED
24106000, 23RD ST, GREEN
24106000, VALENCIA, RED
22811000, MIRALOMA, GREEN
22811000, PORTOLA, RED
22811000, YERBA BUENA, RED
24547000, HOWARD, GREEN
24547000, SPEAR, RED
25703000, 17TH ST, GREEN
25703000, DOLORES, RED
26422000, COLE, GREEN
26422000, FELL, RED
24468000, GOLDEN GATE, GREEN
24468000, VAN NESS, RED
12553101, EMBARCADERO, GREEN
12553101, MIDBLOCK AT, RED
12553101, FERRY BUILDING SB, RED
25577000, BAY, GREEN
25577000, HYDE, RED
26590000, FILLMORE, GREEN
26590000, GEARY (NORTH), RED
24693000, CLAY, GREEN
24693000, FRONT, RED
21396000, GENEVA, GREEN
21396000, MOSCOW, RED
21396000, SOUTH HILL, RED
24262000, 07TH ST, GREEN
24262000, FOLSOM, RED
25922000, BUCHANAN, GREEN
25922000, OAK, RED
30768000, GRANT, GREEN
30768000, MARKET, RED
30768000, O'FARRELL, RED
23597000, BRANNAN, GREEN
23597000, EMBARCADERO, RED
27587000, 04TH AVE, GREEN
27587000, CALIFORNIA, RED
25797000, 16TH ST, GREEN
25797000, SANCHEZ, RED
7990201, FOREST HILL STATION, GREEN
7990201, LAGUNA HONDA, RED
25481000, MASON, GREEN
25481000, NORTH POINT, RED
33663000, ALEMANY, GREEN
33663000, CRESCENT, RED
33663000, PUTNAM, RED
33663000, US I-280 OFF RAMP, RED
25231000, CALIFORNIA, GREEN
25231000, LEAVENWORTH, RED
24597000, 02ND ST, GREEN
24597000, MISSION, RED
23782000, 04TH ST, GREEN
23782000, 16TH ST, RED
25206000, LARKIN, GREEN
25206000, PINE, RED
22459000, CAPITOL, GREEN
22459000, SAGAMORE, RED
24097000, 25TH ST, GREEN
24097000, VALENCIA, RED
27541000, 23RD AVE, GREEN
27541000, GEARY, RED
30733000, MARKET, GREEN
30733000, SANSOME, RED
30733000, SUTTER, RED
22865000, DEWEY, GREEN
22865000, LAGUNA HONDA, RED
22865000, WOODSIDE, RED
24554000, BEALE, GREEN
24554000, MISSION, RED
27333000, 19TH AVE, GREEN
27333000, ORTEGA, RED
12556202, EMBARCADERO, GREEN
12556202, MIDBLOCK AT, RED
12556202, PIER 23, RED
26039000, FELL, GREEN
26039000, PIERCE, RED
24158000, 19TH ST, GREEN
24158000, VALENCIA, RED
25064000, PACIFIC, GREEN
25064000, POWELL, RED
24414000, 10TH ST, GREEN
24414000, MISSION, RED
25592000, NORTH POINT, GREEN
25592000, TAYLOR, RED
25574000, HYDE, GREEN
25574000, NORTH POINT, RED
24119000, 21ST ST, GREEN
24119000, VALENCIA, RED
23196000, 19TH AVE, GREEN
23196000, SANTIAGO, RED
26350000, BAKER, GREEN
26350000, FELL, RED
26545000, GOUGH, GREEN
26545000, WASHINGTON, RED
23990000, 24TH ST, GREEN
23990000, FOLSOM, RED
24920000, MASON, GREEN
24920000, SUTTER, RED
27196000, 05TH AVE, GREEN
27196000, LINCOLN, RED
11456000, SAN JOSE, GREEN
11456000, MIDBLOCK AT, RED
11456000, OCEAN, RED
11456000, SENECA, RED
24055000, 16TH ST, GREEN
24055000, HARRISON, RED
24055000, TREAT, RED
26833000, BUSH, GREEN
26833000, LYON, RED
54097000, CAMPUS, GREEN
54097000, OWENS, RED
26533000, CALIFORNIA, GREEN
26533000, LAGUNA, RED
27504000, 19TH AVE, GREEN
27504000, GEARY, RED
24403000, DUBOCE, GREEN
24403000, VALENCIA, RED
25971000, FILLMORE, GREEN
25971000, GOLDEN GATE, RED
25913000, FELL, GREEN
25913000, LAGUNA, RED
25182000, GEARY, GREEN
25182000, POLK, RED
27881000, 43RD AVE, GREEN
27881000, FULTON, RED
25364000, COLUMBUS, GREEN
25364000, UNION, RED
24542000, 01ST ST, GREEN
24542000, MINNA (TRANSBAY DRIVEWAY), RED
27080000, 04TH AVE, GREEN
27080000, IRVING, RED
21551000, LAWRENCE, GREEN
21551000, MISSION, RED
21551000, OLIVER, RED
27243000, 05TH AVE, GREEN
27243000, BALBOA, RED
24017000, 17TH ST, GREEN
24017000, UTAH, RED
24279000, FOLSOM, GREEN
24279000, RUSS, RED
24170000, 16TH ST, GREEN
24170000, MISSION, RED
167000, 03RD ST, GREEN
167000, MIDBLOCK AT, RED
167000, HOWARD, RED
167000, MISSION, RED
24572000, EMBARCADERO, GREEN
24572000, WASHINGTON, RED
30755000, MARKET, GREEN
30755000, VALENCIA, RED
25200000, POLK, GREEN
25200000, POST, RED
24675000, BATTERY, GREEN
24675000, CALIFORNIA, RED
23551000, 03RD ST, GREEN
23551000, 23RD ST, RED
27813000, 30TH AVE, GREEN
27813000, FULTON, RED
25593000, JONES, GREEN
25593000, NORTH POINT, RED
20574000, BAYSHORE, GREEN
20574000, PAUL, RED
26037000, FELL, GREEN
26037000, FILLMORE, RED
23953000, 24TH ST, GREEN
23953000, POTRERO, RED
22190000, GENEVA, GREEN
22190000, HOWTH, RED
20517000, 03RD ST, GREEN
20517000, BANCROFT, RED
26437000, FELL, GREEN
26437000, SHRADER, RED
26548000, PACIFIC, GREEN
26548000, VAN NESS, RED
25308000, BROADWAY, GREEN
25308000, LARKIN, RED
24165000, 17TH ST, GREEN
24165000, MISSION, RED
20298000, ARLETA, GREEN
20298000, BAYSHORE, RED
20298000, SAN BRUNO, RED
33512000, LAKE MERCED, GREEN
33512000, WINSTON, RED
21023000, BAYSHORE, GREEN
21023000, CORTLAND, RED
26763000, CHESTNUT, GREEN
26763000, FILLMORE, RED
24740000, KEARNY, GREEN
24740000, PINE, RED
25840000, 15TH ST, GREEN
25840000, DOLORES, RED
21783000, ADMIRAL, GREEN
21783000, ALEMANY, RED
21783000, LYELL, RED
26800000, DIVISADERO, GREEN
26800000, ELLIS, RED
26351000, BAKER, GREEN
26351000, HAYES, RED
30021000, 03RD ST, GREEN
30021000, TERRY FRANCOIS, RED
25013000, POWELL, GREEN
25013000, SACRAMENTO, RED
25202000, LARKIN, GREEN
25202000, SUTTER, RED
24285000, 06TH ST, GREEN
24285000, MINNA, RED
24655000, GEARY, GREEN
24655000, GRANT, RED
25882000, 14TH ST, GREEN
25882000, CHURCH, RED
25882000, MARKET, RED
26973000, LOMBARD, GREEN
26973000, SCOTT, RED
26070000, DIVISADERO, GREEN
26070000, GOLDEN GATE, RED
24996000, SACRAMENTO, GREEN
24996000, STOCKTON, RED
24707000, BATTERY, GREEN
24707000, PACIFIC, RED
23856000, 07TH ST, GREEN
23856000, BRANNAN, RED
21837000, DOLORES, GREEN
21837000, RANDALL, RED
21837000, SAN JOSE, RED
21897000, CESAR CHAVEZ, GREEN
21897000, GUERRERO, RED
24126000, 18TH ST, GREEN
24126000, FOLSOM, RED
27853000, 32ND AVE, GREEN
27853000, GEARY, RED
21345000, CESAR CHAVEZ, GREEN
21345000, VALENCIA, RED
51153000, BROTHERHOOD, GREEN
51153000, ST CHARLES, RED
26521000, BUSH, GREEN
26521000, OCTAVIA, RED
26327000, LYON, GREEN
26327000, OAK, RED
50361000, BUCHANAN, GREEN
50361000, POST, RED
24980000, CALIFORNIA, GREEN
24980000, STOCKTON, RED
25830000, EUREKA, GREEN
25830000, MARKET, RED
25857000, HAIGHT, GREEN
25857000, OCTAVIA, RED
25316000, PACIFIC, GREEN
25316000, POLK, RED
27966000, GREAT HWY, GREEN
27966000, JOHN F KENNEDY, RED
27599000, 08TH AVE, GREEN
27599000, CALIFORNIA, RED
26031000, DIVISADERO, GREEN
26031000, OAK, RED
25679000, 20TH ST, GREEN
25679000, DOLORES, RED
24129000, 19TH ST, GREEN
24129000, SOUTH VAN NESS, RED
23821000, 04TH ST, GREEN
23821000, TOWNSEND, RED
20730000, CESAR CHAVEZ, GREEN
20730000, EVANS, RED
23601000, BRYANT, GREEN
23601000, EMBARCADERO, RED
25147000, LARKIN, GREEN
25147000, TURK, RED
26591000, POST, GREEN
26591000, WEBSTER, RED
26632000, BUSH, GREEN
26632000, PIERCE, RED
27500000, 17TH AVE, GREEN
27500000, GEARY, RED
25690000, 17TH ST, GREEN
25690000, GUERRERO, RED
25974000, EDDY, GREEN
25974000, WEBSTER, RED
24795000, BROADWAY, GREEN
24795000, KEARNY, RED
26492000, ELLIS, GREEN
26492000, GOUGH, RED
22661000, ASHTON, GREEN
22661000, OCEAN, RED
26840000, BUSH, GREEN
26840000, EUCLID, RED
26840000, PRESIDIO, RED
20659000, 03RD ST, GREEN
20659000, OAKDALE, RED
20227000, 03RD ST, GREEN
20227000, HUDSON, RED
20224000, 03RD ST, GREEN
20224000, LA SALLE, RED
27741000, 34TH AVE, GREEN
27741000, LINCOLN, RED
30044000, MARKET, GREEN
30044000, MIDBLOCK AT, RED
30044000, UN PLAZA, RED
20466000, 03RD ST, GREEN
20466000, KEY, RED
24568000, CALIFORNIA, GREEN
24568000, DAVIS, RED
20229000, 03RD ST, GREEN
20229000, INNES, RED
20229000, NEWHALL, RED
27231000, 02ND AVE, GREEN
27231000, GEARY, RED
24935000, EDDY, GREEN
24935000, LEAVENWORTH, RED
33541000, FONT, GREEN
33541000, LAKE MERCED, RED
2428700, HOWARD, GREEN
2428700, RUSS, RED
23971000, 22ND ST, GREEN
23971000, BRYANT, RED
33705000, LAKE MERCED, GREEN
33705000, SOUTH STATE, RED
23834000, 04TH ST, GREEN
23834000, BRYANT, RED
23834000, US I-80 OFF RAMP, RED
27335000, 19TH AVE, GREEN
27335000, NORIEGA, RED
25166000, GEARY, GREEN
25166000, HYDE, RED
24515000, HARRISON, GREEN
24515000, HAWTHORNE, RED
25940000, FULTON, GREEN
25940000, GOUGH, RED
54091000, 03RD ST, GREEN
54091000, CAMPUS, RED
23378000, SUNSET, GREEN
23378000, VICENTE, RED
26555000, BROADWAY, GREEN
26555000, FRANKLIN, RED
27255000, 06TH AVE, GREEN
27255000, FULTON, RED
24128000, 20TH ST, GREEN
24128000, SOUTH VAN NESS, RED
25617000, 23RD ST, GREEN
25617000, DOLORES, RED
23754000, 16TH ST, GREEN
23754000, DE HARO, RED
26621000, DIVISADERO, GREEN
26621000, GEARY, RED
21340000, MISSION, GREEN
21340000, PRECITA, RED
23578000, 03RD ST, GREEN
23578000, 16TH ST, RED
25302000, CLAY, GREEN
25302000, POLK, RED
24691000, FRONT, GREEN
24691000, SACRAMENTO, RED
24457000, FELL, GREEN
24457000, FRANKLIN, RED
24349000, 13TH ST, GREEN
24349000, FOLSOM, RED
26524000, BUCHANAN, GREEN
26524000, SUTTER, RED
27271000, 06TH AVE, GREEN
27271000, BALBOA, RED
22790000, OCEAN, GREEN
22790000, SAN LEANDRO, RED
20471000, 03RD ST, GREEN
20471000, HOLLISTER, RED
26920000, CALIFORNIA, GREEN
26920000, LAUREL, RED
12554101, EMBARCADERO, GREEN
12554101, MIDBLOCK AT, RED
12554101, BROADWAY, RED
12554101, WASHINGTON, RED
27607000, 10TH AVE, GREEN
27607000, CALIFORNIA, RED
24923000, JONES, GREEN
24923000, TURK, RED
27225000, ANZA, GREEN
27225000, ARGUELLO, RED
24552000, MISSION, GREEN
24552000, STEUART, RED
26821000, DIVISADERO, GREEN
26821000, SACRAMENTO, RED
24001000, 20TH ST, GREEN
24001000, POTRERO, RED
24189000, ALAMEDA, GREEN
24189000, POTRERO, RED
24333000, HYDE, GREEN
24333000, MCALLISTER, RED
26567000, GOUGH, GREEN
26567000, PACIFIC, RED
21812000, CIRCULAR, GREEN
21812000, MONTEREY, RED
21812000, US I-280 ON/OFF RAMPS, RED
21744000, MISSION, GREEN
21744000, PERSIA, RED
24925000, EDDY, GREEN
24925000, TAYLOR, RED
24770000, CLAY, GREEN
24770000, KEARNY, RED
33539000, JOHN MUIR, GREEN
33539000, LAKE MERCED, RED
24924000, TAYLOR, GREEN
24924000, TURK, RED
23536000, 03RD ST, GREEN
23536000, 26TH ST, RED
26505000, LAGUNA, GREEN
26505000, POST, RED
24353000, 11TH ST, GREEN
24353000, HOWARD, RED
25221000, CALIFORNIA, GREEN
25221000, POLK, RED
30045000, CHARLES J BRENHAM, GREEN
30045000, MCALLISTER, RED
30050000, CLAY, GREEN
30050000, DAVIS, RED
25939000, GOUGH, GREEN
25939000, GROVE, RED
24965000, JONES, GREEN
24965000, POST, RED
25215000, POST, GREEN
25215000, VAN NESS, RED
24000000, 21ST ST, GREEN
24000000, POTRERO, RED
24198000, 09TH ST, GREEN
24198000, BRYANT, RED
24198000, US 101 N OFF RAMP, RED
27538000, 22ND AVE, GREEN
27538000, GEARY, RED
2864000, BEALE, GREEN
2864000, NATOMA (TRANSBAY DRIVEWAY), RED
25706000, 16TH ST, GREEN
25706000, DOLORES, RED
26346000, ASHBURY, GREEN
26346000, OAK, RED
22921000, CLAREMONT, GREEN
22921000, PORTOLA, RED
27372000, 19TH AVE, GREEN
27372000, IRVING, RED
25468000, CHESTNUT, GREEN
25468000, COLUMBUS, RED
25468000, TAYLOR, RED
25226000, PINE, GREEN
25226000, VAN NESS, RED
24524000, ESSEX, GREEN
24524000, FOLSOM, RED
26038000, FELL, GREEN
26038000, STEINER, RED
26076000, DIVISADERO, GREEN
26076000, EDDY, RED
24311000, 08TH ST, GREEN
24311000, MISSION, RED
33719000, 20TH AVE, GREEN
33719000, WINSTON, RED
24724000, BUSH, GREEN
24724000, KEARNY, RED
22744000, OCEAN, GREEN
22744000, VICTORIA, RED
26057000, DIVISADERO, GREEN
26057000, FULTON, RED
23887000, 05TH ST, GREEN
23887000, BRANNAN, RED
27087000, 06TH AVE, GREEN
27087000, LINCOLN, RED
26693000, FRANKLIN, GREEN
26693000, GREENWICH, RED
22628000, CAPITOL, GREEN
22628000, OCEAN, RED
26706000, FRANCISCO, GREEN
26706000, VAN NESS, RED
21304000, CESAR CHAVEZ, GREEN
21304000, MISSION, RED
21750000, ALEMANY, GREEN
21750000, ONONDAGA, RED
20238000, 03RD ST, GREEN
20238000, FAIRFAX, RED
26106000, GLENDALE, GREEN
26106000, MARKET, RED
27557000, 27TH AVE, GREEN
27557000, GEARY, RED
26504000, BUSH, GREEN
26504000, GOUGH, RED
24421000, 11TH ST, GREEN
24421000, MISSION, RED
24819000, BATTERY, GREEN
24819000, EMBARCADERO, RED
24819000, LOMBARD, RED
20299000, BAYSHORE, GREEN
20299000, BLANKEN, RED
24540000, 02ND ST, GREEN
24540000, HOWARD, RED
26608000, BUSH, GREEN
26608000, FILLMORE, RED
24674000, CALIFORNIA, GREEN
24674000, FRONT, RED
26842000, LYON, GREEN
26842000, PINE, RED
21502000, LOWELL, GREEN
21502000, MISSION, RED
21502000, NAGLEE, RED
23202000, 19TH AVE, GREEN
23202000, RIVERA, RED
52189000, PHELAN, GREEN
52189000, PHELAN LOOP, RED
24959000, JONES, GREEN
24959000, SUTTER, RED
24941000, GEARY, GREEN
24941000, TAYLOR, RED
26427000, FREDERICK, GREEN
26427000, STANYAN, RED
25480000, NORTH POINT, GREEN
25480000, POWELL, RED
25485000, BEACH, GREEN
25485000, MASON, RED
24459000, GROVE, GREEN
24459000, VAN NESS, RED
21517000, ALEMANY, GREEN
21517000, MOUNT VERNON, RED
26976000, BRODERICK, GREEN
26976000, LOMBARD, RED
26976000, RICHARDSON, RED
27520000, 25TH AVE, GREEN
27520000, CABRILLO, RED
26554000, FRANKLIN, GREEN
26554000, GREEN, RED
26047000, PIERCE, GREEN
26047000, TURK, RED
24911000, BUSH, GREEN
24911000, STOCKTON, RED
25589000, LARKIN, GREEN
25589000, NORTH POINT, RED
26048000, STEINER, GREEN
26048000, TURK, RED
33434000, ALEMANY, GREEN
33434000, BROTHERHOOD, RED
23952000, 25TH ST, GREEN
23952000, POTRERO, RED
21444000, GENEVA, GREEN
21444000, PARIS, RED
24679000, BUSH, GREEN
24679000, SANSOME, RED
27472000, BALBOA, GREEN
27472000, PARK PRESIDIO, RED
23938000, 04TH ST, GREEN
23938000, FOLSOM, RED
24760000, PACIFIC, GREEN
24760000, SANSOME, RED
23800000, 02ND ST, GREEN
23800000, TOWNSEND, RED
20485000, 03RD ST, GREEN
20485000, WALLACE, RED
25824000, 15TH ST, GREEN
25824000, CASTRO, RED
26077000, DIVISADERO, GREEN
26077000, TURK, RED
25958000, FULTON, GREEN
25958000, LAGUNA, RED
21703000, MISSION, GREEN
21703000, TRUMBULL, RED
25701000, 15TH ST, GREEN
25701000, GUERRERO, RED
25157000, LEAVENWORTH, GREEN
25157000, POST, RED
24905000, CYRIL MAGNIN, GREEN
24905000, O'FARRELL, RED
24749000, GRANT, GREEN
24749000, SACRAMENTO, RED
24081000, 22ND ST, GREEN
24081000, SOUTH VAN NESS, RED
23787000, 16TH ST, GREEN
23787000, MISSOURI, RED
22049000, MISSION, GREEN
22049000, SENECA, RED
23592000, EMBARCADERO, GREEN
23592000, KING, RED
23592000, TOWNSEND, RED
23592000, PIER 40, RED
34155000, 03RD ST, GREEN
34155000, CHANNEL, RED
23831000, 03RD ST, GREEN
23831000, BRYANT, RED
26030000, FELL, GREEN
26030000, SCOTT, RED
26605000, CALIFORNIA, GREEN
26605000, WEBSTER, RED
25410000, BAY, GREEN
25410000, STOCKTON, RED
4971000, DRUMM, GREEN
4971000, MIDBLOCK AT, RED
4971000, CLAY, RED
4971000, SACRAMENTO, RED
24171000, 15TH ST, GREEN
24171000, MISSION, RED
27854000, 33RD AVE, GREEN
27854000, GEARY, RED
25898000, HAIGHT, GREEN
25898000, WEBSTER, RED
25583000, BAY, GREEN
25583000, LARKIN, RED
30049000, CALIFORNIA, GREEN
30049000, DRUMM, RED
26539000, FRANKLIN, GREEN
26539000, WASHINGTON, RED
33364000, CESAR CHAVEZ, GREEN
33364000, SOUTH VAN NESS, RED
33027000, 13TH ST, GREEN
33027000, DUBOCE, RED
33027000, MISSION, RED
33027000, OTIS, RED
21772000, ALEMANY, GREEN
21772000, SANTA ROSA, RED
25684000, 18TH ST, GREEN
25684000, DOLORES, RED
23944000, 05TH ST, GREEN
23944000, HOWARD, RED
24077000, 22ND ST, GREEN
24077000, FOLSOM, RED
26392000, MASONIC, GREEN
26392000, TURK, RED
24958000, SUTTER, GREEN
24958000, TAYLOR, RED
26377000, GROVE, GREEN
26377000, MASONIC, RED
26347000, FELL, GREEN
26347000, MASONIC, RED
25814000, 17TH ST, GREEN
25814000, CASTRO, RED
25814000, MARKET, RED
22193000, HOWTH, GREEN
22193000, OCEAN, RED
25475000, BEACH, GREEN
25475000, EMBARCADERO, RED
25475000, GRANT, RED
26974000, DIVISADERO, GREEN
26974000, LOMBARD, RED
27183000, KEZAR, GREEN
27183000, MARTIN LUTHER KING JR, RED
25032000, GRANT, GREEN
25032000, PACIFIC, RED
33718000, 19TH AVE, GREEN
33718000, WINSTON, RED
24716000, BUSH, GREEN
24716000, MONTGOMERY, RED
24429000, 08TH ST, GREEN
24429000, GROVE, RED
24429000, HYDE, RED
24429000, MARKET, RED
26585000, ELLIS, GREEN
26585000, WEBSTER, RED
27149000, 07TH AVE, GREEN
27149000, IRVING, RED
24522000, 01ST ST, GREEN
24522000, FOLSOM, RED
27304000, 12TH AVE, GREEN
27304000, GEARY, RED
26629000, BUSH, GREEN
26629000, STEINER, RED
25804000, 16TH ST, GREEN
25804000, MARKET, RED
25804000, NOE, RED
23572000, 03RD ST, GREEN
23572000, MARIPOSA, RED
26340000, CENTRAL, GREEN
26340000, HAIGHT, RED
27555000, 25TH AVE, GREEN
27555000, CLEMENT, RED
30741000, JONES, GREEN
30741000, MARKET, RED
30741000, MCALLISTER, RED
24113000, 21ST ST, GREEN
24113000, MISSION, RED
22449000, HERNANDEZ, GREEN
22449000, WOODSIDE, RED
20473000, 03RD ST, GREEN
20473000, INGERSON, RED
25165000, BUSH, GREEN
25165000, LEAVENWORTH, RED
23784000, 16TH ST, GREEN
23784000, OWENS, RED
24044000, 17TH ST, GREEN
24044000, BRYANT, RED
21379000, GENEVA, GREEN
21379000, PRAGUE, RED
24246000, 09TH ST, GREEN
24246000, FOLSOM, RED
24448000, FELL, GREEN
24448000, VAN NESS, RED
25234000, HYDE, GREEN
25234000, PINE, RED
9095000, MISSION, GREEN
9095000, MIDBLOCK AT, RED
9095000, 03RD ST, RED
9095000, 04TH ST, RED
52238000, OCEAN, GREEN
52238000, ON RAMP I-280, RED
23555000, 03RD ST, GREEN
23555000, 22ND ST, RED
23421000, PACHECO, GREEN
23421000, SUNSET, RED
25335000, STOCKTON, GREEN
25335000, VALLEJO, RED
26501000, GOUGH, GREEN
26501000, POST, RED
26843000, CALIFORNIA, GREEN
26843000, LYON, RED
33158000, BACON, GREEN
33158000, BAYSHORE, RED
33158000, EGBERT, RED
33158000, PHELPS, RED
25227000, FRANKLIN, GREEN
25227000, PINE, RED
26709000, GOUGH, GREEN
26709000, UNION, RED
27486000, 15TH AVE, GREEN
27486000, GEARY, RED
27484000, CLEMENT, GREEN
27484000, PARK PRESIDIO, RED
26818000, CALIFORNIA, GREEN
26818000, DIVISADERO, RED
24233000, 10TH ST, GREEN
24233000, FOLSOM, RED
26079000, BRODERICK, GREEN
26079000, TURK, RED
27143000, 07TH AVE, GREEN
27143000, JUDAH, RED
3241201, BROTHERHOOD, GREEN
3241201, SUMMIT, RED
6436203, GREAT HWY, GREEN
6436203, RIVERA, RED
24929000, EDDY, GREEN
24929000, JONES, RED
24548000, HOWARD, GREEN
24548000, STEUART, RED
26005000, CASTRO, GREEN
26005000, DUBOCE, RED
30756000, MARKET, GREEN
30756000, OCTAVIA, RED
30756000, OCTAVIA RAMPS, RED
23796000, 03RD ST, GREEN
23796000, BERRY, RED
25573000, COLUMBUS, GREEN
25573000, LEAVENWORTH, RED
25573000, NORTH POINT, RED
23779000, 16TH ST, GREEN
23779000, VERMONT, RED
25164000, LEAVENWORTH, GREEN
25164000, SUTTER, RED
25860000, DUBOCE, GREEN
25860000, GUERRERO, RED
26508000, CALIFORNIA, GREEN
26508000, GOUGH, RED
26531000, BUCHANAN, GREEN
26531000, BUSH, RED
25154000, GEARY, GREEN
25154000, LEAVENWORTH, RED
22757000, APTOS, GREEN
22757000, OCEAN, RED
27510000, 22ND AVE, GREEN
27510000, FULTON, RED
21175000, BESSIE, GREEN
21175000, FOLSOM, RED
21175000, PRECITA, RED
26074000, SCOTT, GREEN
26074000, TURK, RED
25144000, ELLIS, GREEN
25144000, HYDE, RED
25252000, CALIFORNIA, GREEN
25252000, HYDE, RED
33776000, BRYANT, GREEN
33776000, MAIN, RED
24901000, GEARY, GREEN
24901000, STOCKTON, RED
30726000, MARKET, GREEN
30726000, SPEAR, RED
25352000, COLUMBUS, GREEN
25352000, GREEN, RED
25352000, STOCKTON, RED
26489000, ELLIS, GREEN
26489000, FRANKLIN, RED
25964000, EDDY, GREEN
25964000, LAGUNA, RED
24726000, MONTGOMERY, GREEN
24726000, PINE, RED
22052000, ALEMANY, GREEN
22052000, GENEVA, RED
24144000, 20TH ST, GREEN
24144000, MISSION, RED
20992000, CAMBRIDGE, GREEN
20992000, SILVER, RED
33269000, 03RD ST, GREEN
33269000, MENDELL, RED
33269000, PALOU, RED
20660000, 03RD ST, GREEN
20660000, NEWCOMB, RED
24138000, 16TH ST, GREEN
24138000, FOLSOM, RED
30070000, OAK, GREEN
30070000, OCTAVIA, RED
12547101, EMBARCADERO, GREEN
12547101, MIDBLOCK AT, RED
12547101, BRANNAN, RED
12547101, TOWNSEND, RED
27262000, 10TH AVE, GREEN
27262000, FULTON, RED
26319000, BAKER, GREEN
26319000, OAK, RED
25484000, EMBARCADERO, GREEN
25484000, JEFFERSON, RED
25484000, POWELL, RED
25827000, DIAMOND, GREEN
25827000, MARKET, RED
27821000, 33RD AVE, GREEN
27821000, FULTON, RED
25972000, TURK, GREEN
25972000, WEBSTER, RED
25909000, OCTAVIA, GREEN
25909000, PAGE, RED
21773000, MISSION, GREEN
21773000, SANTA ROSA, RED
20213000, 03RD ST, GREEN
20213000, MCKINNON, RED
24871000, CHESTNUT, GREEN
24871000, EMBARCADERO, RED
24871000, SANSOME, RED
26759000, LAGUNA, GREEN
26759000, MARINA, RED
26029000, DIVISADERO, GREEN
26029000, PAGE, RED
23183000, 19TH AVE, GREEN
23183000, TARAVAL, RED
24132000, 18TH ST, GREEN
24132000, SOUTH VAN NESS, RED
21177000, CESAR CHAVEZ, GREEN
21177000, FOLSOM, RED
25315000, BROADWAY, GREEN
25315000, POLK, RED
24892000, 04TH ST, GREEN
24892000, ELLIS, RED
24892000, MARKET, RED
24892000, STOCKTON, RED
25723000, 17TH ST, GREEN
25723000, CHURCH, RED
30770000, CLAY, GREEN
30770000, GRANT, RED
25596000, JEFFERSON, GREEN
25596000, JONES, RED
21541000, MISSION, GREEN
21541000, MORSE, RED
21541000, WHITTIER, RED
26466000, CHABOT, GREEN
26466000, TURK, RED
5871000, FRONT, GREEN
5871000, MIDBLOCK AT, RED
5871000, CLAY, RED
5871000, SACRAMENTO, RED
27487000, 16TH AVE, GREEN
27487000, GEARY, RED
25698000, 16TH ST, GREEN
25698000, GUERRERO, RED
25321000, BROADWAY, GREEN
25321000, COLUMBUS, RED
25321000, GRANT, RED
24644000, KEARNY, GREEN
24644000, POST, RED
26025000, HAIGHT, GREEN
26025000, SCOTT, RED
26764000, BAY, GREEN
26764000, CERVANTES, RED
26764000, FILLMORE, RED
24696000, BATTERY, GREEN
24696000, JACKSON, RED
26722000, LAGUNA, GREEN
26722000, LOMBARD, RED
27553000, 25TH AVE, GREEN
27553000, GEARY, RED
24101000, 24TH ST, GREEN
24101000, VALENCIA, RED
26609000, FILLMORE, GREEN
26609000, PINE, RED
30753000, GOUGH, GREEN
30753000, HAIGHT, RED
30753000, MARKET, RED
20515000, 03RD ST, GREEN
20515000, DONNER, RED
26623000, DIVISADERO, GREEN
26623000, POST, RED
26825000, BAKER, GREEN
26825000, BUSH, RED
24703000, CLAY, GREEN
24703000, SANSOME, RED
22924000, PORTOLA, GREEN
22924000, SANTA CLARA, RED
22924000, VICENTE, RED
30727000, DRUMM, GREEN
30727000, MAIN, RED
30727000, MARKET, RED
27655000, 25TH AVE, GREEN
27655000, LAKE, RED
22436000, O'SHAUGHNESSY, GREEN
22436000, PORTOLA, RED
22436000, WOODSIDE, RED
25027000, JACKSON, GREEN
25027000, STOCKTON, RED
27441000, CROSS OVER, GREEN
27441000, MARTIN LUTHER KING JR, RED
25602000, 25TH ST, GREEN
25602000, GUERRERO, RED
25950000, FELL, GREEN
25950000, WEBSTER, RED
24048000, 16TH ST, GREEN
24048000, BRYANT, RED
24573000, DAVIS, GREEN
24573000, SACRAMENTO, RED
27341000, 19TH AVE, GREEN
27341000, MORAGA, RED
23021000, 19TH AVE, GREEN
23021000, CRESPI, RED
24238000, 11TH ST, GREEN
24238000, FOLSOM, RED
24133000, 18TH ST, GREEN
24133000, CAPP, RED
25153000, LEAVENWORTH, GREEN
25153000, O'FARRELL, RED
23110000, HIGUERA, GREEN
23110000, LAKE MERCED, RED
6436207, GREAT HWY, GREEN
6436207, LAWTON, RED
24503000, FOLSOM, GREEN
24503000, MAIN, RED
33561000, 07TH AVE, GREEN
33561000, LINCOLN, RED
24897000, EDDY, GREEN
24897000, MASON, RED
23493000, 47TH AVE, GREEN
23493000, SLOAT, RED
23150000, 19TH AVE, GREEN
23150000, WAWONA, RED
27156000, 09TH AVE, GREEN
27156000, LINCOLN, RED
23811000, 03RD ST, GREEN
23811000, BRANNAN, RED
25190000, ELLIS, GREEN
25190000, VAN NESS, RED
26534000, BUCHANAN, GREEN
26534000, CALIFORNIA, RED
22654000, FAXON, GREEN
22654000, OCEAN, RED
24272000, 08TH ST, GREEN
24272000, FOLSOM, RED
25304000, JACKSON, GREEN
25304000, POLK, RED
26547000, BROADWAY, GREEN
26547000, VAN NESS, RED
28013000, 48TH AVE, GREEN
28013000, EL CAMINO DEL MAR, RED
28013000, POINT LOBOS, RED
26589000, FILLMORE, GREEN
26589000, O'FARRELL, RED
25213000, FRANKLIN, GREEN
25213000, GEARY, RED
26440000, PAGE, GREEN
26440000, STANYAN, RED
7826101, KEZAR, GREEN
7826101, MIDBLOCK AT, RED
7826101, JOHN F KENNEDY, RED
7826101, WALLER, RED
23854000, 07TH ST, GREEN
23854000, TOWNSEND, RED
25178000, ELLIS, GREEN
25178000, POLK, RED
21332000, 29TH ST, GREEN
21332000, MISSION, RED
52248000, MARIPOSA, GREEN
52248000, OFF RAMP I-280, RED
52248000, ON RAMP I-280, RED
52248000, OWENS, RED
23077000, 19TH AVE, GREEN
23077000, EUCALYPTUS, RED
25014000, CLAY, GREEN
25014000, POWELL, RED
26180000, CLAYTON, GREEN
26180000, MARKET, RED
27704000, MORAGA, GREEN
27704000, SUNSET, RED
24692000, BATTERY, GREEN
24692000, SACRAMENTO, RED
26303000, CARL, GREEN
26303000, STANYAN, RED
23906000, 04TH ST, GREEN
23906000, HARRISON, RED
23906000, US I-80 ON RAMP, RED
24299000, 08TH ST, GREEN
24299000, HOWARD, RED
21762000, AVALON, GREEN
21762000, MISSION, RED
21762000, THERESA, RED
26529000, CALIFORNIA, GREEN
26529000, OCTAVIA, RED
25185000, FRANKLIN, GREEN
25185000, TURK, RED
26354000, FELL, GREEN
26354000, LYON, RED
25631000, 22ND ST, GREEN
25631000, DOLORES, RED
25524000, BAY, GREEN
25524000, TAYLOR, RED
27566000, ARGUELLO, GREEN
27566000, CALIFORNIA, RED
23366000, SUNSET, GREEN
23366000, YORBA, RED
24450000, HAYES, GREEN
24450000, VAN NESS, RED
21329000, 30TH ST, GREEN
21329000, EUGENIA, RED
21329000, MISSION, RED
23652000, 04TH ST, GREEN
23652000, MARIPOSA, RED
23652000, MINNESOTA, RED
24632000, 04TH ST, GREEN
24632000, MISSION, RED
11010101, BAKER, GREEN
11010101, CHESTNUT, RED
11010101, RICHARDSON, RED
25899000, FILLMORE, GREEN
25899000, HAIGHT, RED
24003000, 19TH ST, GREEN
24003000, POTRERO, RED
26686000, UNION, GREEN
26686000, VAN NESS, RED
26372000, CENTRAL, GREEN
26372000, FULTON, RED
26965000, LOMBARD, GREEN
26965000, PIERCE, RED
26066000, McALLISTER, GREEN
26066000, SCOTT, RED
24160000, 18TH ST, GREEN
24160000, VALENCIA, RED
21740000, ALEMANY, GREEN
21740000, SAN JUAN, RED
24073000, 25TH ST, GREEN
24073000, MISSION, RED
20247000, 03RD ST, GREEN
20247000, ARTHUR, RED
20247000, CARGO, RED
20231000, 03RD ST, GREEN
20231000, GALVEZ, RED
27483000, GEARY, GREEN
27483000, PARK PRESIDIO, RED
24590000, 03RD ST, GREEN
24590000, HOWARD, RED
27981000, FULTON, GREEN
27981000, GREAT HWY, RED
20708000, CESAR CHAVEZ, GREEN
20708000, INDIANA, RED
24123000, 19TH ST, GREEN
24123000, FOLSOM, RED
24111000, 22ND ST, GREEN
24111000, MISSION, RED
25865000, DOLORES, GREEN
25865000, MARKET, RED
26640000, CALIFORNIA, GREEN
26640000, PIERCE, RED
20472000, 03RD ST, GREEN
20472000, GILMAN, RED
20472000, PAUL, RED
24083000, 21ST ST, GREEN
24083000, SOUTH VAN NESS, RED
24575000, CLAY, GREEN
24575000, DRUMM, RED
24509000, FREMONT, GREEN
24509000, HARRISON, RED
30056000, DAVIS, GREEN
30056000, WASHINGTON, RED
26345000, MASONIC, GREEN
26345000, OAK, RED
23070000, EUCALYPTUS, GREEN
23070000, JUNIPERO SERRA, RED
23070000, OCEAN, RED
24671000, BATTERY, GREEN
24671000, PINE, RED
23964000, 22ND ST WEST, GREEN
23964000, POTRERO, RED
26525000, BUSH, GREEN
26525000, LAGUNA, RED
33751000, BAYSHORE, GREEN
33751000, JERROLD, RED
33751000, US 101 OFF RAMP, RED
26536000, SACRAMENTO, GREEN
26536000, VAN NESS, RED
24447000, FRANKLIN, GREEN
24447000, OAK, RED
23897000, 06TH ST, GREEN
23897000, BRYANT, RED
24472000, FRANKLIN, GREEN
24472000, FULTON, RED
23967000, 22ND ST EAST, GREEN
23967000, POTRERO, RED
24533000, FREMONT, GREEN
24533000, NATOMA, RED
24533000, TRANSBAY TERMINAL, RED
23991000, 23RD ST, GREEN
23991000, FOLSOM, RED
27554000, 26TH AVE, GREEN
27554000, GEARY, RED
25880000, 15TH ST, GREEN
25880000, MARKET, RED
25880000, SANCHEZ, RED
22927000, VICENTE, GREEN
22927000, WEST PORTAL, RED
20455000, 03RD ST, GREEN
20455000, FITZGERALD, RED
24550000, EMBARCADERO, GREEN
24550000, MISSION, RED
23604000, EMBARCADERO, GREEN
23604000, HARRISON, RED
25175000, POLK, GREEN
25175000, TURK, RED
26622000, POST, GREEN
26622000, SCOTT, RED
30742000, 07TH ST, GREEN
30742000, CHARLES J BRENHAM, RED
30742000, MARKET, RED
25994000, OAK, GREEN
25994000, STEINER, RED
24910000, STOCKTON, GREEN
24910000, SUTTER, RED
24354000, 12TH ST, GREEN
24354000, HOWARD, RED
50069000, FREMONT, GREEN
50069000, I-80 OFF-RAMP, RED
25973000, FILLMORE, GREEN
25973000, TURK, RED
10293000, PARNASSUS, GREEN
10293000, MIDBLOCK AT, RED
10293000, UCSF HOSPITAL, RED
21765000, MISSION, GREEN
21765000, SILVER, RED
26704000, NORTH POINT, GREEN
26704000, POLK, RED
21306000, 26TH ST, GREEN
21306000, MISSION, RED
24748000, CALIFORNIA, GREEN
24748000, KEARNY, RED
21349000, 29TH ST, GREEN
21349000, SAN JOSE, RED
23016000, HOLLOWAY, GREEN
23016000, JUNIPERO SERRA, RED
24456000, GOUGH, GREEN
24456000, PAGE, RED
24711000, SANSOME, GREEN
24711000, WASHINGTON, RED
26105000, MARKET, GREEN
26105000, ROMAIN, RED
27857000, 34TH AVE, GREEN
27857000, GEARY, RED
25222000, PINE, GREEN
25222000, POLK, RED
27694000, ORTEGA, GREEN
27694000, SUNSET, RED
23797000, 04TH ST, GREEN
23797000, BERRY, RED
25053000, PACIFIC, GREEN
25053000, STOCKTON, RED
24020000, 17TH ST, GREEN
24020000, POTRERO, RED
25461000, BAY, GREEN
25461000, POWELL, RED
27245000, 03RD AVE, GREEN
27245000, GEARY, RED
27025000, GORGAS, GREEN
27025000, LYON, RED
27025000, RICHARDSON, RED
24490000, 02ND ST, GREEN
24490000, BRYANT, RED
24995000, CLAY, GREEN
24995000, STOCKTON, RED
21940000, BOSWORTH, GREEN
21940000, DIAMOND, RED
25477000, BEACH, GREEN
25477000, STOCKTON, RED
21354000, 27TH ST, GREEN
21354000, GUERRERO, RED
26541000, JACKSON, GREEN
26541000, VAN NESS, RED
27221000, GEARY, GREEN
27221000, JORDAN, RED
27221000, STANYAN, RED
27653000, 25TH AVE, GREEN
27653000, CALIFORNIA, RED
27176000, FUNSTON, GREEN
27176000, LINCOLN, RED
21829000, HIGHLAND, GREEN
21829000, MISSION, RED
25607000, 23RD ST, GREEN
25607000, GUERRERO, RED
27735000, JUDAH, GREEN
27735000, SUNSET, RED
26639000, FILLMORE, GREEN
26639000, SACRAMENTO, RED
26065000, GOLDEN GATE, GREEN
26065000, SCOTT, RED
26542000, GOUGH, GREEN
26542000, SACRAMENTO, RED
24778000, JACKSON, GREEN
24778000, KEARNY, RED
23929000, 07TH ST, GREEN
23929000, HARRISON, RED
23929000, US I-80 ON RAMP, RED
25999000, HAIGHT, GREEN
25999000, PIERCE, RED
24527000, FREMONT, GREEN
24527000, HOWARD, RED
27289000, 09TH AVE, GREEN
27289000, GEARY, RED
20493000, 03RD ST, GREEN
20493000, ARMSTRONG, RED
25145000, HYDE, GREEN
25145000, O'FARRELL, RED
9096000, MISSION, GREEN
9096000, MIDBLOCK AT, RED
9096000, 04TH ST, RED
9096000, 05TH ST, RED
23550000, 03RD ST, GREEN
23550000, 24TH ST, RED
26700000, CHESTNUT, GREEN
26700000, FRANKLIN, RED
24326000, GOLDEN GATE, GREEN
24326000, JONES, RED
20239000, 03RD ST, GREEN
20239000, EVANS, RED
24145000, 19TH ST, GREEN
24145000, MISSION, RED
26705000, BAY, GREEN
26705000, VAN NESS, RED
26611000, CALIFORNIA, GREEN
26611000, FILLMORE, RED
24583000, 03RD ST, GREEN
24583000, FOLSOM, RED
21359000, CARTER, GREEN
21359000, GENEVA, RED
21359000, WALBRIDGE, RED
25727000, 15TH ST, GREEN
25727000, CHURCH, RED
26519000, LAGUNA, GREEN
26519000, SUTTER, RED
30734000, 02ND ST, GREEN
30734000, MARKET, RED
22245000, GENNESSEE, GREEN
22245000, MONTEREY, RED
26396000, EWING, GREEN
26396000, MASONIC, RED
27213000, ARGUELLO, GREEN
27213000, BALBOA, RED
27213000, TURK, RED
24466000, MCALLISTER, GREEN
24466000, VAN NESS, RED
26419000, COLE, GREEN
26419000, OAK, RED
26344000, MASONIC, GREEN
26344000, PAGE, RED
22755000, CERRITOS, GREEN
22755000, OCEAN, RED
22755000, WESTGATE, RED
24437000, GROVE, GREEN
24437000, POLK, RED
27290000, 08TH AVE, GREEN
27290000, CLEMENT, RED
33722000, PLYMOUTH, GREEN
33722000, SAGAMORE, RED
33722000, SAN JOSE, RED
33722000, SICKLES, RED
26475000, FULTON, GREEN
26475000, STANYAN, RED
23958000, 24TH ST, GREEN
23958000, BRYANT, RED
24324000, LEAVENWORTH, GREEN
24324000, MCALLISTER, RED
21769000, BRAZIL, GREEN
21769000, MISSION, RED
21769000, NORTON, RED
23570000, 03RD ST, GREEN
23570000, 18TH ST, RED
26685000, FILBERT, GREEN
26685000, VAN NESS, RED
24741000, BUSH, GREEN
24741000, GRANT, RED
24694000, BATTERY, GREEN
24694000, CLAY, RED
25962000, LAGUNA, GREEN
25962000, TURK, RED
24768000, BROADWAY, GREEN
24768000, MONTGOMERY, RED
24733000, KEARNY, GREEN
24733000, SACRAMENTO, RED
32977000, CORBETT, GREEN
32977000, MARKET, RED
32977000, PORTOLA, RED
24774000, KEARNY, GREEN
24774000, WASHINGTON, RED
21485000, MISSION, GREEN
21485000, NIAGARA, RED
21485000, POPE, RED
21485000, ROLPH, RED
10390000, PHELAN, GREEN
10390000, MIDBLOCK AT, RED
10390000, CLOUD CIRCLE, RED
7832201, KING, GREEN
7832201, MIDBLOCK AT, RED
7832201, 02ND ST, RED
7832201, 03RD ST, RED
26002000, OAK, GREEN
26002000, PIERCE, RED
23825000, LUSK, GREEN
23825000, TOWNSEND, RED
27542000, 24TH AVE, GREEN
27542000, GEARY, RED
24913000, MASON, GREEN
24913000, O'FARRELL, RED
25197000, GEARY, GREEN
25197000, VAN NESS, RED
24532000, 01ST ST, GREEN
24532000, HOWARD, RED
26826000, BAKER, GREEN
26826000, PINE, RED
23205000, 19TH AVE, GREEN
23205000, PACHECO, RED
26701000, BAY, GREEN
26701000, POLK, RED
24063000, 24TH ST, GREEN
24063000, SOUTH VAN NESS, RED
21489000, ALLISON, GREEN
21489000, MISSION, RED
21489000, MOUNT VERNON, RED
26471000, FULTON, GREEN
26471000, PARKER, RED
26471000, SHRADER, RED
27084000, 06TH AVE, GREEN
27084000, IRVING, RED
25003000, PINE, GREEN
25003000, POWELL, RED
21142000, ALABAMA, GREEN
21142000, CESAR CHAVEZ, RED
26400000, ANZA, GREEN
26400000, MASONIC, RED
26400000, O'FARRELL, RED
24334000, GOLDEN GATE, GREEN
24334000, LEAVENWORTH, RED
27248000, 04TH AVE, GREEN
27248000, GEARY, RED
23159000, 19TH AVE, GREEN
23159000, VICENTE, RED
25149000, ELLIS, GREEN
25149000, LARKIN, RED
25965000, FILLMORE, GREEN
25965000, FULTON, RED
24139000, 17TH ST, GREEN
24139000, SOUTH VAN NESS, RED
27537000, 21ST AVE, GREEN
27537000, GEARY, RED
24461000, FRANKLIN, GREEN
24461000, GROVE, RED
23890000, 06TH ST, GREEN
23890000, BRANNAN, RED
23890000, US I-280 ON/OFF RAMPS, RED
34162000, 03RD ST, GREEN
34162000, WARRIORS WAY, RED
25959000, GOLDEN GATE, GREEN
25959000, LAGUNA, RED
26817000, BRODERICK, GREEN
26817000, PINE, RED
26614000, POST, GREEN
26614000, STEINER, RED
20500000, 03RD ST, GREEN
20500000, SHAFTER, RED
26631000, PINE, GREEN
26631000, STEINER, RED
25303000, POLK, GREEN
25303000, WASHINGTON, RED
27545000, 25TH AVE, GREEN
27545000, BALBOA, RED
8747101, MARKET, GREEN
8747101, MIDBLOCK AT, RED
8747101, POWELL, RED
20203000, EVANS, GREEN
20203000, MENDELL, RED
26810000, BUSH, GREEN
26810000, DIVISADERO, RED
24936000, ELLIS, GREEN
24936000, JONES, RED
23418000, QUINTARA, GREEN
23418000, SUNSET, RED
20244000, 03RD ST, GREEN
20244000, DAVIDSON, RED
20244000, PHELPS, RED
21331000, MISSION, GREEN
21331000, VIRGINIA, RED
26849000, PRESIDIO, GREEN
26849000, SACRAMENTO, RED
23746000, 16TH ST, GREEN
23746000, WISCONSIN, RED
26604000, PINE, GREEN
26604000, WEBSTER, RED
24574000, DRUMM, GREEN
24574000, SACRAMENTO, RED
24216000, 11TH ST, GREEN
24216000, BRYANT, RED
24216000, DIVISION, RED
25525000, COLUMBUS, GREEN
25525000, FRANCISCO, RED
24596000, HOWARD, GREEN
24596000, NEW MONTGOMERY, RED
20578000, DWIGHT, GREEN
20578000, PAUL, RED
20578000, SAN BRUNO, RED
25967000, MCALLISTER, GREEN
25967000, WEBSTER, RED
22088000, CAYUGA, GREEN
22088000, GENEVA, RED
26338000, ASHBURY, GREEN
26338000, HAIGHT, RED
24546000, EMBARCADERO, GREEN
24546000, HOWARD, RED
24917000, GEARY, GREEN
24917000, MASON, RED
24504000, HOWARD, GREEN
24504000, MAIN, RED
26568000, BROADWAY, GREEN
26568000, GOUGH, RED
24342000, 14TH ST, GREEN
24342000, SOUTH VAN NESS, RED
21135000, BRYANT, GREEN
21135000, CESAR CHAVEZ, RED
25152000, LARKIN, GREEN
25152000, O'FARRELL, RED
24747000, GRANT, GREEN
24747000, PINE, RED
24209000, 09TH ST, GREEN
24209000, HARRISON, RED
21890000, 30TH ST, GREEN
21890000, SAN JOSE, RED
24918000, POST, GREEN
24918000, POWELL, RED
24729000, CALIFORNIA, GREEN
24729000, MONTGOMERY, RED
23599000, BEALE, GREEN
23599000, BRYANT, RED
24435000, FULTON, GREEN
24435000, LARKIN, RED
21326000, CORTLAND, GREEN
21326000, MISSION, RED
22524000, ARCH, GREEN
22524000, BROTHERHOOD, RED
27216000, ANZA, GREEN
27216000, STANYAN, RED
25683000, 19TH ST, GREEN
25683000, DOLORES, RED
23881000, 09TH ST, GREEN
23881000, BRANNAN, RED
30765000, BATTERY, GREEN
30765000, BROADWAY, RED
24902000, O'FARRELL, GREEN
24902000, STOCKTON, RED
26770000, LOMBARD, GREEN
26770000, STEINER, RED
33493000, ALEMANY, GREEN
33493000, FARRAGUT, RED
26061000, BRODERICK, GREEN
26061000, FULTON, RED
24976000, BUSH, GREEN
24976000, POWELL, RED
25941000, GOUGH, GREEN
25941000, MCALLISTER, RED
26072000, BRODERICK, GREEN
26072000, MCALLISTER, RED
23574000, ILLINOIS, GREEN
23574000, MARIPOSA, RED
23574000, TERRY A FRANCOIS, RED
24519000, 02ND ST, GREEN
24519000, FOLSOM, RED
24451000, FRANKLIN, GREEN
24451000, HAYES, RED
27620000, CALIFORNIA, GREEN
27620000, PARK PRESIDIO, RED
24634000, 05TH ST, GREEN
24634000, MISSION, RED
24142000, 16TH ST, GREEN
24142000, SOUTH VAN NESS, RED
26434000, HAIGHT, GREEN
26434000, STANYAN, RED
26498000, BUSH, GREEN
26498000, FRANKLIN, RED
26362000, BAKER, GREEN
26362000, TURK, RED
26822000, BRODERICK, GREEN
26822000, CALIFORNIA, RED
26667000, FILLMORE, GREEN
26667000, UNION, RED
24206000, 10TH ST, GREEN
24206000, HARRISON, RED
24881000, BAY, GREEN
24881000, EMBARCADERO, RED
6436202, GREAT HWY, GREEN
6436202, TARAVAL, RED
27141000, 07TH AVE, GREEN
27141000, KIRKHAM, RED
27830000, 36TH AVE, GREEN
27830000, FULTON, RED
27037000, CLARENDON, GREEN
27037000, LAGUNA HONDA, RED
26549000, FRANKLIN, GREEN
26549000, PACIFIC, RED
26430000, HAIGHT, GREEN
26430000, SHRADER, RED
22629000, MIRAMAR, GREEN
22629000, OCEAN, RED
26342000, HAIGHT, GREEN
26342000, MASONIC, RED
24900000, ELLIS, GREEN
24900000, MASON, RED
23819000, 05TH ST, GREEN
23819000, KING, RED
25073000, CALIFORNIA, GREEN
25073000, MASON, RED
25186000, EDDY, GREEN
25186000, VAN NESS, RED
26460000, TAMALPAIS, GREEN
26460000, TURK, RED
26500000, CALIFORNIA, GREEN
26500000, FRANKLIN, RED
25676000, 19TH ST, GREEN
25676000, GUERRERO, RED
26948000, CALIFORNIA, GREEN
26948000, MAPLE, RED
26948000, PARKER, RED
26433000, STANYAN, GREEN
26433000, WALLER, RED
27547000, 25TH AVE, GREEN
27547000, ANZA, RED
24639000, 03RD ST, GREEN
24639000, STEVENSON, RED
25192000, O'FARRELL, GREEN
25192000, VAN NESS, RED
25993000, HAIGHT, GREEN
25993000, STEINER, RED
24293000, 06TH ST, GREEN
24293000, MISSION, RED
25048000, POWELL, GREEN
25048000, WASHINGTON, RED
24004000, 18TH ST, GREEN
24004000, POTRERO, RED
23785000, 07TH ST, GREEN
23785000, 16TH ST, RED
23785000, MISSISSIPPI, RED
26514000, GEARY, GREEN
26514000, LAGUNA, RED
23606000, HARRISON, GREEN
23606000, SPEAR, RED
24602000, MISSION, GREEN
24602000, SHAW, RED
24079000, 21ST ST, GREEN
24079000, FOLSOM, RED
25103000, JACKSON, GREEN
25103000, MASON, RED
24183000, 16TH ST, GREEN
24183000, VALENCIA, RED
30749000, 12TH ST, GREEN
30749000, FRANKLIN, RED
30749000, MARKET, RED
30749000, PAGE, RED
23535000, 03RD ST, GREEN
23535000, CESAR CHAVEZ, RED
25176000, EDDY, GREEN
25176000, POLK, RED
27191000, ARGUELLO, GREEN
27191000, FULTON, RED
26624000, DIVISADERO, GREEN
26624000, SUTTER, RED
20308000, BAYSHORE, GREEN
20308000, VISITACION, RED
20816000, BAYSHORE, GREEN
20816000, OAKDALE, RED
20496000, 03RD ST, GREEN
20496000, QUESADA, RED
24701000, SACRAMENTO, GREEN
24701000, SANSOME, RED
23579000, 03RD ST, GREEN
23579000, MISSION ROCK, RED
23079000, 19TH AVE, GREEN
23079000, OCEAN, RED
25208000, POLK, GREEN
25208000, SUTTER, RED
22556000, 19TH AVE, GREEN
22556000, JUNIPERO SERRA, RED
25930000, BUCHANAN, GREEN
25930000, FELL, RED
23908000, 05TH ST, GREEN
23908000, HARRISON, RED
23908000, US I-80 OFF RAMP, RED
23367000, SUNSET, GREEN
23367000, WAWONA, RED
24926000, ELLIS, GREEN
24926000, TAYLOR, RED
27343000, 19TH AVE, GREEN
27343000, LAWTON, RED
24476000, FRANKLIN, GREEN
24476000, GOLDEN GATE, RED
23603000, HARRISON, GREEN
23603000, MAIN, RED
12553211, DON CHEE, GREEN
12553211, EMBARCADERO, RED
25533000, BAY, GREEN
25533000, COLUMBUS, RED
25533000, JONES, RED
26540000, VAN NESS, GREEN
26540000, WASHINGTON, RED
25853000, MCCOPPIN, GREEN
25853000, VALENCIA, RED
21751000, MISSION, GREEN
21751000, ONONDAGA, RED
21496000, FOOTE, GREEN
21496000, GUTTENBERG, RED
21496000, MISSION, RED
21362000, BROOKDALE, GREEN
21362000, GENEVA, RED
30739000, 05TH ST, GREEN
30739000, MARKET, RED
25174000, BUSH, GREEN
25174000, HYDE, RED
24627000, 04TH ST, GREEN
24627000, HOWARD, RED
25595000, BEACH, GREEN
25595000, JONES, RED
26067000, DIVISADERO, GREEN
26067000, MCALLISTER, RED
21526000, ALEMANY, GREEN
21526000, FOOTE, RED
24613000, 03RD ST, GREEN
24613000, MISSION, RED
20770000, SAN BRUNO, GREEN
20770000, SILVER, RED
25900000, OAK, GREEN
25900000, WEBSTER, RED
24660000, GRANT, GREEN
24660000, POST, RED
26721000, LOMBARD, GREEN
26721000, OCTAVIA, RED
22105000, GENEVA, GREEN
22105000, SAN JOSE, RED
25090000, JONES, GREEN
25090000, PINE, RED
25594000, JEFFERSON, GREEN
25594000, TAYLOR, RED
22795000, OCEAN, GREEN
22795000, SAN FERNANDO, RED
24199000, 08TH ST, GREEN
24199000, BRYANT, RED
24347000, 12TH ST, GREEN
24347000, FOLSOM, RED
24088000, 24TH ST, GREEN
24088000, MISSION, RED
24957000, BUSH, GREEN
24957000, TAYLOR, RED
26349000, CENTRAL, GREEN
26349000, FELL, RED
27596000, 06TH AVE, GREEN
27596000, CALIFORNIA, RED
2829000, BAYSHORE, GREEN
2829000, MIDBLOCK AT, RED
2829000, CESAR CHAVEZ, RED
2829000, MARIN, RED
24229000, 11TH ST, GREEN
24229000, HARRISON, RED
27558000, 28TH AVE, GREEN
27558000, GEARY, RED
32920000, 18TH ST, GREEN
32920000, MARKET, RED
25479000, BEACH, GREEN
25479000, POWELL, RED
21441000, GENEVA, GREEN
21441000, MADRID, RED
25091000, CALIFORNIA, GREEN
25091000, JONES, RED
24153000, 20TH ST, GREEN
24153000, VALENCIA, RED
25473000, BAY, GREEN
25473000, MASON, RED
30757000, GUERRERO, GREEN
30757000, HERMANN, RED
30757000, LAGUNA, RED
30757000, MARKET, RED
6436208, GREAT HWY, GREEN
6436208, JUDAH, RED
26727000, BAY, GREEN
26727000, OCTAVIA, RED
27374000, 19TH AVE, GREEN
27374000, CROSS OVER, RED
27374000, LINCOLN, RED
24909000, POWELL, GREEN
24909000, SUTTER, RED
23605000, EMBARCADERO, GREEN
23605000, FOLSOM, RED
21781000, ALEMANY, GREEN
21781000, SILVER, RED
25512000, HYDE, GREEN
25512000, UNION, RED
26537000, FRANKLIN, GREEN
26537000, SACRAMENTO, RED
